INSERT INTO tipo_compromiso (CODIGO, NOMBRE) VALUES (1, "CURSO OS10");
INSERT INTO tipo_compromiso (CODIGO, NOMBRE) VALUES(2, "CURSO PREOCUPACIONAL");
INSERT INTO tipo_compromiso (CODIGO, NOMBRE) VALUES(3, "JORNADA EXCECIONAL");

INSERT INTO tipo_turno (CODIGO, NOMBRE) VALUES (1, "ADMINISTRATIVO");
INSERT INTO tipo_turno (CODIGO, NOMBRE) VALUES (2,"JORNADA EXCECIONAL");

INSERT INTO turno (CODIGO, NOMBRE, CODIGO_TIPO_TURNO) VALUES (1, "5X2", 1);
INSERT INTO turno (CODIGO, NOMBRE, CODIGO_TIPO_TURNO) VALUES (2, "6X1", 1);
INSERT INTO turno (CODIGO, NOMBRE, CODIGO_TIPO_TURNO) VALUES (3,"4X4", 2);
INSERT INTO turno (CODIGO, NOMBRE, CODIGO_TIPO_TURNO) VALUES (4,"7X7", 2);INSERT INTO empresa (RUT, NOMBRE, RAZON_SOCIAL) VALUES ("52500984-4", "FLSMIDTH","REPARACION DE MECANISMOS MINEROS");

INSERT INTO sede_empresa (RUT_EMPRESA, NOMBRE, TELEFONO, CALLE, NUMERO, COMUNA, CIUDAD, CODIGO_TURNO) VALUES ("52500984-4", "SALFA", "552834762", "PEDRO AGUIRRE", 1002, "ANTOFAGASTA","ANTOFAGASTA", 1);
INSERT INTO sede_empresa (RUT_EMPRESA, NOMBRE, TELEFONO, CALLE, NUMERO, COMUNA, CIUDAD, CODIGO_TURNO) VALUES ("52500984-4", "ADASA", "55285663", "PEDRO AGUIRRE", 1252, "ANTOFAGASTA","ANTOFAGASTA", 4);
INSERT INTO sede_empresa (RUT_EMPRESA, NOMBRE, TELEFONO, CALLE, NUMERO, COMUNA, CIUDAD, CODIGO_TURNO) VALUES ("52500984-4", "CONSULADO", "552983654", "ARTURO PRAT", 667, "ANTOFAGASTA","ANTOFAGASTA", 4);
INSERT INTO sede_empresa (RUT_EMPRESA, NOMBRE, TELEFONO, CALLE, NUMERO, COMUNA, CIUDAD, CODIGO_TURNO) VALUES ("52500984-4", "TERMOMIN", "55223453", "PARAGUAY", 874, "ANTOFAGASTA","ANTOFAGASTA", 3);
INSERT INTO sede_empresa (RUT_EMPRESA, NOMBRE, TELEFONO, CALLE, NUMERO, COMUNA, CIUDAD, CODIGO_TURNO) VALUES ("52500984-4", "REMATIPTOP", "552764820", "CARLOS OVIEDO", 4282, "ANTOFAGASTA","ANTOFAGASTA", 2);
INSERT INTO sede_empresa (RUT_EMPRESA, NOMBRE, TELEFONO, CALLE, NUMERO, COMUNA, CIUDAD, CODIGO_TURNO) VALUES ("52500984-4", "FLSMIDTH", "552567325", "RUTA DEL COBRE", 432, "LA NEGRA","ANTOFAGASTA", 4);
INSERT INTO sede_empresa (RUT_EMPRESA, NOMBRE, TELEFONO, CALLE, NUMERO, COMUNA, CIUDAD, CODIGO_TURNO) VALUES ("52500984-4", "LIEBHERR", "552432516", "CALLE 5", 10101, "LA NEGRA","ANTOFAGASTA", 4);
INSERT INTO sede_empresa (RUT_EMPRESA, NOMBRE, TELEFONO, CALLE, NUMERO, COMUNA, CIUDAD, CODIGO_TURNO) VALUES ("52500984-4", "SERGRAT", "552486413", "AV IQUIQUE", 5360, "ANTOFAGASTA","ANTOFAGASTA", 1);
INSERT INTO sede_empresa (RUT_EMPRESA, NOMBRE, TELEFONO, CALLE, NUMERO, COMUNA, CIUDAD, CODIGO_TURNO) VALUES ("52500984-4", "VOGT SA", "552832456", "TARAPACA", 5651, "ANTOFAGASTA","ANTOFAGASTA", 2);
INSERT INTO sede_empresa (RUT_EMPRESA, NOMBRE, TELEFONO, CALLE, NUMERO, COMUNA, CIUDAD, CODIGO_TURNO) VALUES ("52500984-4", "SK COMERCIAL", "552834562", "PEDRO AGUIRRE", 11462, "ANTOFAGASTA","ANTOFAGASTA", 4);

INSERT INTO sede (CODIGO, NOMBRE, TELEFONO, CALLE, NUMERO, COMUNA, CIUDAD) VALUES (1, "SALFA", "552834762", "PEDRO AGUIRRE", 1002, "ANTOFAGASTA","ANTOFAGASTA");
INSERT INTO sede (CODIGO, NOMBRE, TELEFONO, CALLE, NUMERO, COMUNA, CIUDAD) VALUES (2, "ADASA", "55285663", "PEDRO AGUIRRE", 1252, "ANTOFAGASTA","ANTOFAGASTA");
INSERT INTO sede (CODIGO, NOMBRE, TELEFONO, CALLE, NUMERO, COMUNA, CIUDAD) VALUES (3, "CONSULADO", "552983654", "ARTURO PRAT", 667, "ANTOFAGASTA","ANTOFAGASTA");
INSERT INTO sede (CODIGO, NOMBRE, TELEFONO, CALLE, NUMERO, COMUNA, CIUDAD) VALUES (4, "TERMOMIN", "55223453", "PARAGUAY", 874, "ANTOFAGASTA","ANTOFAGASTA");
INSERT INTO sede (CODIGO, NOMBRE, TELEFONO, CALLE, NUMERO, COMUNA, CIUDAD) VALUES (5, "REMATIPTOP", "552764820", "CARLOS OVIEDO", 4282, "ANTOFAGASTA","ANTOFAGASTA");
INSERT INTO sede (CODIGO, NOMBRE, TELEFONO, CALLE, NUMERO, COMUNA, CIUDAD) VALUES (6, "FLSMIDTH", "552567325", "RUTA DEL COBRE", 432, "LA NEGRA","ANTOFAGASTA");
INSERT INTO sede (CODIGO, NOMBRE, TELEFONO, CALLE, NUMERO, COMUNA, CIUDAD) VALUES (7, "LIEBHERR", "552432516", "CALLE 5", 10101, "LA NEGRA","ANTOFAGASTA");
INSERT INTO sede (CODIGO, NOMBRE, TELEFONO, CALLE, NUMERO, COMUNA, CIUDAD) VALUES (8, "SERGRAT", "552486413", "AV IQUIQUE", 5360, "ANTOFAGASTA","ANTOFAGASTA");
INSERT INTO sede (CODIGO, NOMBRE, TELEFONO, CALLE, NUMERO, COMUNA, CIUDAD) VALUES (9, "VOGT SA", "552832456", "TARAPACA", 5651, "ANTOFAGASTA","ANTOFAGASTA");
INSERT INTO sede (CODIGO, NOMBRE, TELEFONO, CALLE, NUMERO, COMUNA, CIUDAD) VALUES (10, "SK COMERCIAL", "552834562", "PEDRO AGUIRRE", 11462, "ANTOFAGASTA","ANTOFAGASTA");

INSERT INTO persona (RUT, PRIMER_NOMBRE, SEGUNDO_NOMBRE, PRIMER_APELLIDO, SEGUNDO_APELLIDO, SEXO, FECHA_NACIMIENTO, CODIGO_SEDE) VALUES ("182436432-3", "ARTURO", "MARIO",  "ARTEAGA", "SINISTERRA", 'H', "1990-10-11", 1);
INSERT INTO persona (RUT, PRIMER_NOMBRE, SEGUNDO_NOMBRE, PRIMER_APELLIDO, SEGUNDO_APELLIDO, SEXO, FECHA_NACIMIENTO, CODIGO_SEDE) VALUES ("192436332-4", "KEVIN", "ANDRES",  "LOPEZ", "GONZALEZ", 'H', "1992-9-11", 2);
INSERT INTO persona (RUT, PRIMER_NOMBRE, SEGUNDO_NOMBRE, PRIMER_APELLIDO, SEGUNDO_APELLIDO, SEXO, FECHA_NACIMIENTO, CODIGO_SEDE) VALUES ("237362514-5", "DIEGO", "ALEJANDRO",  "COLLAO", "ARTEAGA", 'H', "1993-11-20", 3);
INSERT INTO persona (RUT, PRIMER_NOMBRE, SEGUNDO_NOMBRE, PRIMER_APELLIDO, SEGUNDO_APELLIDO, SEXO, FECHA_NACIMIENTO, CODIGO_SEDE) VALUES ("9890046-4", "IVAN", "",  "ESPINOSA", "MICHEA", 'H', "1989-1-13", 4);
INSERT INTO persona (RUT, PRIMER_NOMBRE, SEGUNDO_NOMBRE, PRIMER_APELLIDO, SEGUNDO_APELLIDO, SEXO, FECHA_NACIMIENTO, CODIGO_SEDE) VALUES ("12207583-2", "MARCOS", "STIVEN",  "BAILON", "GRANADOS", 'H', "1990-02-23", 5);
INSERT INTO persona (RUT, PRIMER_NOMBRE, SEGUNDO_NOMBRE, PRIMER_APELLIDO, SEGUNDO_APELLIDO, SEXO, FECHA_NACIMIENTO, CODIGO_SEDE) VALUES ("8630383-5", "CRISTIAN", "ALEX",  "ROJO", "MORATALLA", 'H', "1966-12-11", 6);
INSERT INTO persona (RUT, PRIMER_NOMBRE, SEGUNDO_NOMBRE, PRIMER_APELLIDO, SEGUNDO_APELLIDO, SEXO, FECHA_NACIMIENTO, CODIGO_SEDE) VALUES ("9071291-9", "JOSE", "MANRIQUEZ",  "ARTEAGA", "AGUSTIN", 'H', "1987-09-19", 7);
INSERT INTO persona (RUT, PRIMER_NOMBRE, SEGUNDO_NOMBRE, PRIMER_APELLIDO, SEGUNDO_APELLIDO, SEXO, FECHA_NACIMIENTO, CODIGO_SEDE) VALUES ("14089264-8", "ALFONSO", "WALTER",  "CANTON", "PUJOL", 'H', "1969-10-11", 8);
INSERT INTO persona (RUT, PRIMER_NOMBRE, SEGUNDO_NOMBRE, PRIMER_APELLIDO, SEGUNDO_APELLIDO, SEXO, FECHA_NACIMIENTO, CODIGO_SEDE) VALUES ("21089538-1", "GISELLA", "VALESKA",  "REYES", "RUBILAR", 'M', "1989-1-19", 9);
INSERT INTO persona (RUT, PRIMER_NOMBRE, SEGUNDO_NOMBRE, PRIMER_APELLIDO, SEGUNDO_APELLIDO, SEXO, FECHA_NACIMIENTO, CODIGO_SEDE) VALUES ("22082127-K", "ANA", "MARIA",  "ANGULO", "POPO", 'M', "1990-10-11", 10);

INSERT INTO compromiso (RUT_PERSONA, NOMBRE, CODIGO_TIPO_COMPROMISO, FECHA_INICIO, FECHA_FIN) VALUES ("192436332-4", "CURSO OS10", 1, "2017-11-05", "2018-11-05");
INSERT INTO compromiso (RUT_PERSONA, NOMBRE, CODIGO_TIPO_COMPROMISO, FECHA_INICIO, FECHA_FIN) VALUES ("237362514-5", "PRIMER CURSO OS10", 1, "2017-09-09", "2018-09-09");
INSERT INTO compromiso (RUT_PERSONA, NOMBRE, CODIGO_TIPO_COMPROMISO, FECHA_INICIO, FECHA_FIN) VALUES ("9890046-4", "CURSO OS10", 1, "2017-01-02", "2018-01-02");
INSERT INTO compromiso (RUT_PERSONA, NOMBRE, CODIGO_TIPO_COMPROMISO, FECHA_INICIO, FECHA_FIN) VALUES ("237362514-5", "CURSO OS10", 1, "2017-06-06", "2018-06-06");
INSERT INTO compromiso (RUT_PERSONA, NOMBRE, CODIGO_TIPO_COMPROMISO, FECHA_INICIO, FECHA_FIN) VALUES ("21089538-1", "CURSO PREOCUPACIONAL", 2, "2017-11-05", "2018-11-05");
INSERT INTO compromiso (RUT_PERSONA, NOMBRE, CODIGO_TIPO_COMPROMISO, FECHA_INICIO, FECHA_FIN) VALUES ("14089264-8", "CURSO PREOCUPACIONAL", 2, "2017-09-09", "2018-09-09");
INSERT INTO compromiso (RUT_PERSONA, NOMBRE, CODIGO_TIPO_COMPROMISO, FECHA_INICIO, FECHA_FIN) VALUES ("9890046-4", "CURSO PREOCUPACIONAL", 2, "2017-01-02", "2018-01-02");
INSERT INTO compromiso (RUT_PERSONA, NOMBRE, CODIGO_TIPO_COMPROMISO, FECHA_INICIO, FECHA_FIN) VALUES ("22082127-K", "CURSO PREOCUPACIONAL", 2, "2017-06-06", "2018-06-06");

INSERT INTO telefono (RUT_PERSONA, NUMERO) VALUES("182436432-3", "998462748");
INSERT INTO telefono (RUT_PERSONA, NUMERO) VALUES("192436332-4", "923456789");
INSERT INTO telefono (RUT_PERSONA, NUMERO) VALUES("237362514-5", "976485936");
INSERT INTO telefono (RUT_PERSONA, NUMERO) VALUES("9890046-4", "963426475");
INSERT INTO telefono (RUT_PERSONA, NUMERO) VALUES("12207583-2", "99324567");
INSERT INTO telefono (RUT_PERSONA, NUMERO) VALUES("8630383-5", "953984627");
INSERT INTO telefono (RUT_PERSONA, NUMERO) VALUES("9071291-9", "932145678");
INSERT INTO telefono (RUT_PERSONA, NUMERO) VALUES("14089264-8", "999994637");
INSERT INTO telefono (RUT_PERSONA, NUMERO) VALUES("21089538-1", "946274833");
INSERT INTO telefono (RUT_PERSONA, NUMERO) VALUES("22082127-K", "962748332");

INSERT INTO direccion (RUT_PERSONA, CALLE, NUMERO, COMUNA, CIUDAD) VALUES("192436332-4",  "OFICINA ANITA", "361", "ANTOFAGASTA", "ANTOFAGASTA");
INSERT INTO direccion (RUT_PERSONA, CALLE, NUMERO, COMUNA, CIUDAD) VALUES("237362514-5",  "OFICINA AUSONIA", "718", "ANTOFAGASTA", "ANTOFAGASTA");
INSERT INTO direccion (RUT_PERSONA, CALLE, NUMERO, COMUNA, CIUDAD) VALUES("9890046-4",  "JUAN ORIONES", "117", "ANTOFAGASTA", "ANTOFAGASTA");
INSERT INTO direccion (RUT_PERSONA, CALLE, NUMERO, COMUNA, CIUDAD) VALUES("12207583-2",  "BAQUEDANO", "777", "ANTOFAGASTA", "ANTOFAGASTA");
INSERT INTO direccion (RUT_PERSONA, CALLE, NUMERO, COMUNA, CIUDAD) VALUES("8630383-5",  "MANUEL MATTA", "2370", "ANTOFAGASTA", "ANTOFAGASTA");
INSERT INTO direccion (RUT_PERSONA, CALLE, NUMERO, COMUNA, CIUDAD) VALUES("9071291-9",  "SUCRE", "870", "ANTOFAGASTA", "ANTOFAGASTA");
INSERT INTO direccion (RUT_PERSONA, CALLE, NUMERO, COMUNA, CIUDAD) VALUES("14089264-8",  "OFICINA BENITO", "21870", "ANTOFAGASTA", "ANTOFAGASTA");
INSERT INTO direccion (RUT_PERSONA, CALLE, NUMERO, COMUNA, CIUDAD) VALUES("21089538-1",  "VICTOR JARA", "1970", "ANTOFAGASTA", "ANTOFAGASTA");
INSERT INTO direccion (RUT_PERSONA, CALLE, NUMERO, COMUNA, CIUDAD) VALUES("22082127-K",  "SALVADOR AYENDES", "970", "ANTOFAGASTA", "ANTOFAGASTA");